Order ID,Category,Sub-Category,Quantity,Amount,PaymentMode,Profit
B-25681,Electronics,Electronic Games,7,1096,COD,658
B-26055,Furniture,Chairs,14,5729,EMI,64
B-25955,Furniture,Bookcases,8,2927,EMI,146
B-26093,Electronics,Printers,8,2847,Credit Card,712
B-25602,Electronics,Phones,4,2617,Credit Card,1151
B-25881,Clothing,Trousers,4,2244,Credit Card,247
B-25696,Clothing,Saree,4,275,COD,-275
B-25687,Clothing,Saree,5,387,UPI,-213
B-25643,Clothing,Hankerchief,2,50,UPI,-44
B-25851,Clothing,Kurti,5,135,COD,-54
B-25703,Clothing,Hankerchief,9,231,COD,-190
B-25887,Electronics,Printers,6,2125,EMI,-234
B-25923,Electronics,Phones,6,3873,Credit Card,-891
B-25756,Furniture,Bookcases,5,729,UPI,-492
B-25761,Furniture,Bookcases,5,2188,Credit Card,1050
B-25655,Clothing,Hankerchief,1,6,UPI,-3
B-25786,Furniture,Bookcases,5,1854,Credit Card,433
B-26095,Clothing,Kurti,1,6,UPI,1
B-25853,Furniture,Chairs,5,2093,Credit Card,721
B-25735,Clothing,Skirt,2,7,UPI,-1
B-25910,Furniture,Tables,5,1622,Credit Card,-624
B-25950,Electronics,Printers,5,1622,Credit Card,95
B-25744,Electronics,Printers,6,373,UPI,254
B-25845,Clothing,Kurti,4,82,COD,-33
B-26001,Clothing,Skirt,2,8,UPI,2
B-25830,Electronics,Phones,3,1954,Credit Card,782
B-25842,Electronics,Printers,8,1543,Credit Card,370
B-25778,Electronics,Printers,6,1506,Credit Card,-266
B-25686,Furniture,Tables,6,1829,Credit Card,-56
B-25754,Clothing,Skirt,3,9,UPI,-1
B-26048,Furniture,Tables,5,1461,EMI,202
B-25816,Clothing,Stole,8,391,COD,113
B-26022,Electronics,Phones,8,1824,Credit Card,1303
B-25883,Clothing,Hankerchief,4,16,UPI,-15
B-26003,Furniture,Tables,2,1745,Credit Card,122
B-26097,Electronics,Printers,5,663,UPI,-212
B-25710,Clothing,Leggings,1,10,UPI,-1
B-25797,Furniture,Tables,5,1630,EMI,802
B-25618,Clothing,Hankerchief,2,12,UPI,0
B-25723,Clothing,Leggings,2,12,UPI,-7
B-25755,Clothing,Trousers,3,1709,Credit Card,564
B-25788,Clothing,Stole,1,12,UPI,3
B-25681,Electronics,Phones,3,1625,EMI,-77
B-25991,Clothing,Hankerchief,2,13,UPI,5
B-25779,Furniture,Tables,3,1361,COD,980
B-25909,Electronics,Phones,3,1622,EMI,-448
B-25943,Electronics,Accessories,6,1547,EMI,340
B-25935,Furniture,Chairs,4,1657,Credit Card,460
B-25613,Clothing,Saree,9,1603,Credit Card,0
B-25729,Electronics,Phones,4,1549,Credit Card,-439
B-25772,Electronics,Printers,4,1183,EMI,106
B-25655,Clothing,Skirt,8,74,UPI,-123
B-25640,Clothing,Saree,13,1499,Credit Card,239
B-25810,Clothing,Saree,6,1120,EMI,199
B-25801,Clothing,T-shirt,1,15,Debit Card,-2
B-26085,Clothing,Trousers,3,1487,Credit Card,624
B-25868,Furniture,Tables,2,1118,Credit Card,206
B-25714,Clothing,Hankerchief,2,11,COD,-5
B-25784,Clothing,Hankerchief,1,15,Debit Card,4
B-25608,Furniture,Tables,5,1364,Credit Card,1864
B-26051,Electronics,Printers,7,1337,Credit Card,147
B-25900,Clothing,Leggings,1,15,Debit Card,2
B-25760,Electronics,Printers,5,322,UPI,-193
B-25762,Electronics,Electronic Games,7,1316,Credit Card,527
B-25995,Furniture,Bookcases,3,1314,Credit Card,342
B-25965,Clothing,Hankerchief,3,17,Debit Card,7
B-25967,Clothing,Skirt,2,17,Debit Card,2
B-25674,Clothing,Skirt,5,17,Debit Card,-12
B-25929,Furniture,Bookcases,3,1308,Credit Card,536
B-25777,Electronics,Printers,4,1076,Credit Card,-38
B-26006,Electronics,Accessories,5,1301,Credit Card,573
B-25697,Electronics,Printers,8,1300,Credit Card,-16
B-25667,Clothing,Hankerchief,4,11,COD,-2
B-25836,Electronics,Printers,9,1298,EMI,65
B-25984,Clothing,Stole,6,304,UPI,97
B-25728,Electronics,Printers,4,1055,EMI,264
B-25757,Clothing,Skirt,4,17,Debit Card,-13
B-25957,Clothing,Stole,3,147,COD,73
B-26061,Electronics,Printers,3,965,COD,-68
B-25735,Clothing,Hankerchief,3,12,COD,-2
B-25616,Clothing,Hankerchief,3,14,UPI,-2
B-25666,Electronics,Electronic Games,7,934,COD,-916
B-25675,Clothing,Saree,9,929,COD,-93
B-26079,Clothing,Hankerchief,2,18,Debit Card,3
B-25850,Electronics,Phones,11,916,COD,192
B-25693,Clothing,Hankerchief,9,76,COD,-72
B-25852,Furniture,Tables,4,869,COD,67
B-25860,Clothing,Kurti,3,112,COD,24
B-25853,Clothing,Skirt,6,39,UPI,16
B-25898,Furniture,Tables,2,857,COD,-274
B-26100,Furniture,Chairs,2,828,COD,230
B-25653,Electronics,Printers,8,1279,EMI,-640
B-25839,Clothing,Saree,7,1250,EMI,486
B-25651,Furniture,Chairs,7,823,COD,-18
B-25957,Furniture,Bookcases,9,1157,Credit Card,-13
B-25704,Electronics,Accessories,3,126,UPI,-63
B-25730,Electronics,Phones,3,1145,Credit Card,-706
B-26052,Electronics,Accessories,3,774,COD,170
B-25656,Clothing,Hankerchief,2,24,COD,-1
B-26033,Electronics,Accessories,3,774,COD,170
B-25850,Clothing,Hankerchief,2,93,COD,-1
B-25945,Electronics,Electronic Games,3,765,COD,-36
B-26086,Electronics,Printers,6,762,COD,101
B-25752,Electronics,Electronic Games,9,761,COD,266
B-26098,Clothing,Leggings,5,96,UPI,-48
B-26067,Electronics,Printers,7,1137,EMI,-14
B-25730,Clothing,Hankerchief,2,18,Debit Card,8
B-25986,Furniture,Furnishings,7,749,COD,-307
B-26067,Clothing,Saree,6,1120,EMI,199
B-25953,Electronics,Printers,6,744,COD,119
B-25952,Clothing,Hankerchief,4,14,UPI,0
B-25903,Clothing,Hankerchief,2,19,Debit Card,8
B-25650,Clothing,Saree,5,512,COD,-225
B-25970,Furniture,Bookcases,2,742,COD,198
B-26062,Clothing,Stole,3,44,COD,-40
B-25643,Furniture,Bookcases,8,1061,EMI,-36
B-25632,Clothing,Leggings,2,19,Debit Card,-2
B-25821,Clothing,Hankerchief,1,17,COD,0
B-25878,Furniture,Bookcases,5,741,COD,267
B-25752,Electronics,Printers,6,735,COD,-235
B-25750,Clothing,Shirt,1,19,Debit Card,-1
B-25657,Electronics,Electronic Games,4,1021,EMI,-48
B-25787,Clothing,Saree,7,556,COD,-209
B-25808,Clothing,Leggings,6,63,COD,-17
B-25885,Furniture,Chairs,2,734,COD,248
B-25778,Clothing,Saree,5,933,Credit Card,166
B-25759,Clothing,Hankerchief,6,20,Debit Card,-9
B-25747,Furniture,Bookcases,2,877,Credit Card,395
B-25878,Furniture,Chairs,6,719,COD,303
B-25603,Clothing,Hankerchief,2,12,COD,1
B-25691,Clothing,Saree,4,714,COD,56
B-25607,Clothing,Leggings,4,50,COD,-15
B-25708,Electronics,Phones,5,709,COD,-100
B-26021,Clothing,Hankerchief,3,21,Debit Card,-12
B-25831,Clothing,Saree,6,693,COD,254
B-25850,Clothing,Hankerchief,4,24,COD,1
B-25670,Clothing,Hankerchief,2,24,UPI,1
B-25852,Clothing,Hankerchief,2,24,COD,1
B-26029,Clothing,T-shirt,1,21,Debit Card,10
B-25959,Furniture,Chairs,4,681,COD,259
B-25676,Furniture,Tables,2,674,COD,-187
B-26097,Electronics,Electronic Games,5,671,COD,-309
B-25888,Electronics,Electronic Games,3,646,COD,-213
B-25911,Clothing,Kurti,1,40,COD,15
B-25662,Clothing,T-shirt,2,24,COD,-2
B-25950,Electronics,Printers,2,644,COD,167
B-25847,Electronics,Printers,2,643,COD,225
B-25796,Clothing,Saree,6,632,COD,-316
B-25693,Clothing,Saree,6,632,COD,316
B-25993,Electronics,Printers,3,610,COD,208
B-26052,Clothing,Kurti,6,78,UPI,-28
B-25930,Furniture,Bookcases,4,595,COD,119
B-25785,Clothing,Saree,3,595,COD,292
B-26093,Furniture,Bookcases,5,852,Credit Card,51
B-26053,Furniture,Bookcases,3,594,COD,89
B-26019,Clothing,T-shirt,13,585,COD,175
B-26070,Furniture,Furnishings,5,582,COD,262
B-25870,Clothing,Saree,7,845,Credit Card,84
B-25855,Electronics,Printers,4,829,Credit Card,19
B-25602,Clothing,Saree,3,561,COD,212
B-25728,Electronics,Phones,2,771,Credit Card,-424
B-25803,Clothing,Saree,6,765,EMI,8
B-25996,Clothing,Hankerchief,2,31,COD,2
B-26078,Electronics,Electronic Games,2,557,COD,-111
B-25803,Electronics,Printers,2,757,Credit Card,371
B-25682,Electronics,Phones,11,545,COD,-73
B-25749,Furniture,Bookcases,3,1052,UPI,-82
B-25962,Furniture,Bookcases,3,544,COD,-152
B-25899,Clothing,Leggings,2,22,Debit Card,9
B-25845,Electronics,Printers,2,757,Credit Card,371
B-25951,Furniture,Bookcases,2,742,Credit Card,198
B-25828,Clothing,Saree,3,537,COD,107
B-25803,Clothing,Trousers,1,536,COD,91
B-25656,Clothing,Hankerchief,1,6,COD,3
B-25681,Clothing,Trousers,7,523,COD,204
B-25658,Clothing,T-shirt,2,27,UPI,9
B-25698,Furniture,Chairs,8,516,COD,392
B-25832,Furniture,Bookcases,3,504,COD,116
B-25886,Electronics,Phones,4,502,COD,84
B-25897,Electronics,Electronic Games,6,734,Credit Card,213
B-25873,Clothing,Kurti,2,42,COD,12
B-25858,Clothing,Skirt,4,29,COD,11
B-25867,Clothing,Kurti,6,240,UPI,12
B-25633,Clothing,Trousers,2,496,COD,-79
B-25609,Electronics,Electronic Games,4,485,COD,29
B-25896,Clothing,Skirt,3,31,UPI,-11
B-26000,Electronics,Printers,3,676,Credit Card,151
B-25959,Clothing,Hankerchief,2,23,Debit Card,8
B-25940,Clothing,Hankerchief,2,13,COD,3
B-26087,Clothing,Stole,8,180,COD,0
B-26055,Electronics,Phones,9,671,Credit Card,114
B-25980,Clothing,Kurti,3,22,COD,11
B-25653,Electronics,Printers,3,668,Credit Card,-31
B-26052,Clothing,Saree,3,145,UPI,0
B-25877,Clothing,Skirt,2,24,Debit Card,8
B-25608,Furniture,Chairs,3,476,COD,0
B-25897,Clothing,Hankerchief,5,24,Debit Card,11
B-25881,Clothing,Hankerchief,3,37,COD,3
B-25905,Clothing,Stole,6,152,UPI,50
B-25818,Clothing,Leggings,2,32,UPI,11
B-25835,Clothing,Leggings,5,52,COD,11
B-26081,Clothing,Hankerchief,3,24,Debit Card,11
B-25730,Furniture,Chairs,4,473,COD,42
B-25837,Clothing,Stole,5,263,COD,50
B-25893,Clothing,Kurti,3,61,COD,11
B-25689,Electronics,Electronic Games,3,469,COD,-459
B-26028,Electronics,Phones,2,1272,COD,547
B-26081,Electronics,Accessories,3,169,COD,0
B-25903,Clothing,Leggings,3,25,Debit Card,11
B-25651,Clothing,Saree,4,457,COD,-41
B-25903,Electronics,Accessories,8,455,COD,77
B-26086,Clothing,Hankerchief,2,25,Debit Card,2
B-25654,Electronics,Printers,3,450,COD,-90
B-25720,Furniture,Chairs,1,30,COD,-35
B-26057,Furniture,Bookcases,2,659,Credit Card,-37
B-25798,Electronics,Printers,2,448,COD,148
B-25961,Electronics,Printers,3,446,COD,53
B-25701,Furniture,Chairs,2,98,UPI,-45
B-26055,Clothing,Saree,1,443,COD,11
B-25653,Electronics,Phones,7,427,COD,-50
B-25670,Furniture,Bookcases,2,656,Credit Card,-36
B-26056,Clothing,Saree,2,424,COD,161
B-26061,Clothing,T-shirt,2,27,Debit Card,8
B-25602,Electronics,Phones,5,424,COD,-272
B-26016,Clothing,Hankerchief,4,202,COD,4
B-25873,Electronics,Phones,2,1275,UPI,357
B-25761,Electronics,Phones,7,418,COD,70
B-25819,Electronics,Electronic Games,3,417,COD,49
B-25853,Clothing,Stole,4,199,UPI,48
B-25662,Furniture,Furnishings,11,385,UPI,-77
B-25993,Electronics,Phones,3,414,COD,199
B-25703,Clothing,Saree,4,97,COD,-45
B-25848,Electronics,Electronic Games,6,648,Credit Card,50
B-25678,Clothing,Shirt,2,27,Debit Card,-25
B-25925,Clothing,Stole,1,27,Debit Card,12
B-25977,Clothing,Stole,1,27,UPI,1
B-25797,Furniture,Chairs,9,413,COD,-314
B-26067,Clothing,Hankerchief,4,53,COD,2
B-25810,Clothing,Hankerchief,5,29,UPI,8
B-25648,Clothing,T-shirt,1,30,UPI,13
B-25933,Clothing,Saree,6,412,COD,412
B-25942,Electronics,Printers,2,646,Credit Card,-23
B-25656,Clothing,Stole,5,30,UPI,-5
B-26067,Furniture,Bookcases,4,618,Credit Card,27
B-25673,Clothing,Saree,5,143,UPI,-124
B-25797,Clothing,Hankerchief,2,31,UPI,1
B-26098,Clothing,Saree,3,409,COD,86
B-25656,Clothing,Saree,2,406,COD,126
B-25791,Clothing,Saree,7,565,Credit Card,66
B-26053,Clothing,Stole,6,85,COD,2
B-25983,Furniture,Bookcases,5,561,Credit Card,118
B-25743,Clothing,Trousers,2,503,COD,-56
B-25867,Clothing,Stole,3,31,UPI,14
B-25973,Clothing,Hankerchief,8,398,COD,111
B-25895,Furniture,Bookcases,2,388,COD,93
B-26003,Clothing,Saree,4,498,UPI,-116
B-25717,Clothing,Saree,3,561,Credit Card,212
B-26064,Clothing,Hankerchief,4,61,COD,3
B-25630,Clothing,T-shirt,4,34,COD,-22
B-26050,Clothing,Shirt,3,32,UPI,6
B-25786,Furniture,Tables,3,623,UPI,-192
B-26035,Electronics,Phones,3,520,Credit Card,151
B-25693,Clothing,Saree,6,32,UPI,-16
B-25703,Clothing,Hankerchief,5,32,UPI,-5
B-25966,Electronics,Electronic Games,6,510,EMI,234
B-26060,Clothing,Saree,3,382,COD,68
B-25898,Clothing,Leggings,3,33,UPI,13
B-25686,Clothing,Saree,2,381,COD,-13
B-26051,Electronics,Accessories,2,490,EMI,88
B-25854,Clothing,Saree,2,381,COD,144
B-26050,Electronics,Phones,4,487,EMI,143
B-25961,Furniture,Bookcases,3,366,COD,84
B-25701,Clothing,Shirt,3,33,UPI,-29
B-25970,Electronics,Phones,3,365,COD,107
B-25933,Clothing,Saree,2,207,UPI,-100
B-26081,Furniture,Bookcases,5,359,COD,-338
B-25650,Electronics,Phones,8,351,COD,-47
B-25850,Clothing,Saree,4,485,EMI,199
B-25643,Clothing,Shirt,4,37,UPI,-23
B-26100,Clothing,T-shirt,2,34,Debit Card,10
B-25964,Furniture,Chairs,3,346,COD,108
B-25676,Electronics,Electronic Games,4,342,COD,-103
B-25628,Furniture,Furnishings,2,35,Debit Card,-8
B-25891,Clothing,Stole,4,121,UPI,41
B-25903,Electronics,Phones,2,336,COD,57
B-25851,Furniture,Bookcases,3,336,COD,71
B-26089,Clothing,Hankerchief,1,27,COD,4
B-25996,Electronics,Phones,2,333,COD,50
B-25881,Clothing,Leggings,3,36,Debit Card,7
B-25621,Electronics,Phones,3,333,COD,-15
B-25727,Clothing,Trousers,4,327,COD,114
B-25843,Clothing,Hankerchief,3,18,UPI,6
B-26050,Clothing,T-shirt,7,325,COD,32
B-25741,Electronics,Electronic Games,7,482,EMI,-6
B-25756,Electronics,Phones,4,465,EMI,-33
B-25787,Clothing,Shirt,3,40,COD,-12
B-25603,Clothing,Stole,6,107,COD,36
B-25655,Furniture,Chairs,7,312,COD,-312
B-26096,Electronics,Phones,3,451,EMI,25
B-25962,Electronics,Electronic Games,1,312,COD,62
B-26007,Furniture,Bookcases,2,311,COD,72
B-26088,Clothing,Hankerchief,2,11,UPI,5
B-25673,Clothing,T-shirt,3,37,Debit Card,-5
B-25664,Electronics,Phones,4,444,EMI,-200
B-25642,Clothing,Shirt,11,434,Credit Card,26
B-25987,Clothing,Stole,6,299,COD,0
B-25903,Clothing,Hankerchief,3,37,Debit Card,17
B-25770,Furniture,Bookcases,2,299,COD,113
B-25840,Furniture,Bookcases,2,298,COD,74
B-25846,Clothing,Leggings,7,94,UPI,7
B-25745,Clothing,Saree,11,296,COD,225
B-26073,Clothing,Hankerchief,3,37,Debit Card,17
B-26030,Electronics,Printers,2,291,COD,93
B-25678,Electronics,Phones,1,327,COD,-39
B-26035,Clothing,Saree,11,291,COD,119
B-25896,Clothing,Kurti,6,287,COD,-66
B-25989,Electronics,Accessories,1,42,UPI,15
B-26016,Electronics,Electronic Games,3,429,Credit Card,61
B-26009,Electronics,Printers,2,285,COD,128
B-25915,Electronics,Electronic Games,1,277,COD,3
B-25845,Electronics,Phones,4,274,COD,-7
B-25645,Electronics,Phones,4,273,COD,-87
B-25803,Electronics,Electronic Games,1,269,COD,91
B-26030,Clothing,Skirt,1,11,COD,5
B-25955,Clothing,Saree,2,39,Debit Card,2
B-26096,Clothing,Trousers,3,264,COD,-26
B-25635,Clothing,Hankerchief,3,40,Debit Card,16
B-26038,Clothing,T-shirt,2,41,Debit Card,19
B-25791,Clothing,Saree,2,253,UPI,-63
B-26014,Furniture,Chairs,7,406,Credit Card,97
B-25751,Clothing,Hankerchief,3,32,COD,7
B-25962,Electronics,Printers,2,260,COD,68
B-26025,Clothing,Hankerchief,5,41,Debit Card,19
B-26048,Furniture,Chairs,6,401,Credit Card,13
B-25635,Clothing,Saree,3,382,Credit Card,30
B-25981,Electronics,Phones,5,867,COD,251
B-25610,Clothing,Saree,3,43,Debit Card,0
B-25733,Clothing,Stole,7,43,Debit Card,-43
B-25977,Clothing,Stole,3,74,COD,29
B-25655,Clothing,Hankerchief,3,44,Debit Card,-26
B-25612,Furniture,Chairs,2,259,COD,-55
B-25608,Clothing,Hankerchief,5,257,COD,23
B-25752,Clothing,Stole,5,76,COD,27
B-25700,Clothing,Stole,3,44,Debit Card,-32
B-25856,Clothing,Saree,2,257,COD,3
B-26026,Clothing,Hankerchief,9,255,COD,76
B-25861,Clothing,Hankerchief,3,44,Debit Card,14
B-25673,Clothing,Shirt,4,45,COD,-2
B-25681,Clothing,Saree,1,44,Debit Card,-3
B-26051,Clothing,Saree,2,382,Credit Card,119
B-25951,Clothing,Trousers,3,250,COD,100
B-25799,Furniture,Chairs,2,45,COD,-15
B-26053,Furniture,Bookcases,2,246,COD,61
B-26030,Clothing,Stole,5,50,COD,25
B-26054,Clothing,Hankerchief,5,246,COD,98
B-25696,Clothing,Kurti,3,44,Debit Card,99
B-25660,Clothing,Saree,3,245,COD,-78
B-25858,Clothing,Saree,2,245,COD,30
B-26045,Clothing,Stole,7,376,Credit Card,0
B-25850,Clothing,T-shirt,3,45,Debit Card,1
B-25781,Clothing,Stole,2,45,Debit Card,-28
B-25918,Furniture,Furnishings,5,244,COD,-122
B-25971,Furniture,Bookcases,2,244,COD,83
B-25870,Clothing,Kurti,1,10,UPI,4
B-25770,Furniture,Bookcases,3,375,Credit Card,180
B-25757,Clothing,Skirt,5,46,Debit Card,14
B-25699,Clothing,Stole,2,49,UPI,-31
B-25776,Clothing,Kurti,2,47,Debit Card,-20
B-25893,Clothing,Stole,7,355,Credit Card,-114
B-25985,Clothing,Hankerchief,5,32,UPI,8
B-25681,Furniture,Chairs,2,243,COD,-14
B-26063,Electronics,Electronic Games,4,241,COD,-77
B-26032,Clothing,Saree,5,47,Debit Card,15
B-26001,Clothing,Skirt,6,50,Debit Card,-10
B-26056,Clothing,Hankerchief,2,15,COD,6
B-25850,Clothing,Stole,3,148,COD,24
B-25767,Electronics,Electronic Games,3,299,UPI,-28
B-25693,Electronics,Phones,1,68,UPI,-30
B-25850,Clothing,Leggings,5,52,Debit Card,18
B-25796,Furniture,Chairs,5,239,COD,-162
B-26053,Clothing,Skirt,3,27,COD,6
B-25650,Clothing,Saree,2,238,COD,20
B-25961,Clothing,Shirt,3,48,COD,16
B-26023,Clothing,Stole,3,66,UPI,22
B-25809,Clothing,Hankerchief,1,53,Debit Card,24
B-25621,Electronics,Electronic Games,5,233,COD,-10
B-25854,Clothing,Saree,3,53,Debit Card,-2
B-26057,Clothing,T-shirt,4,54,Debit Card,8
B-25688,Clothing,Saree,5,352,Credit Card,-345
B-25885,Clothing,Stole,7,349,Credit Card,0
B-25753,Clothing,Trousers,6,341,Credit Card,-85
B-25981,Clothing,Saree,3,54,Debit Card,12
B-26055,Clothing,Shirt,2,57,UPI,7
B-25714,Clothing,Shirt,7,340,Credit Card,20
B-26055,Clothing,Stole,5,227,COD,48
B-25989,Furniture,Bookcases,1,330,Credit Card,81
B-25710,Furniture,Furnishings,6,216,UPI,-38
B-25773,Furniture,Chairs,3,224,COD,-143
B-25661,Furniture,Chairs,2,55,Debit Card,-33
B-26021,Clothing,Stole,1,49,UPI,21
B-26057,Clothing,Trousers,3,224,COD,87
B-25858,Furniture,Bookcases,2,223,COD,27
B-25857,Electronics,Accessories,8,324,Credit Card,39
B-25656,Clothing,Hankerchief,2,56,Debit Card,18
B-25999,Clothing,Shirt,7,223,COD,62
B-25856,Clothing,Skirt,2,10,COD,2
B-25926,Clothing,Leggings,5,57,Debit Card,6
B-25728,Clothing,Saree,4,322,Credit Card,-113
B-26076,Clothing,Saree,2,219,COD,4
B-25913,Clothing,Stole,7,103,UPI,21
B-25703,Clothing,Saree,4,47,COD,-27
B-25858,Clothing,Saree,1,219,COD,0
B-25727,Clothing,Leggings,6,57,Debit Card,-48
B-26020,Electronics,Accessories,6,319,Credit Card,102
B-26003,Furniture,Chairs,3,315,Credit Card,-8
B-25925,Electronics,Electronic Games,3,314,Credit Card,-41
B-26087,Electronics,Electronic Games,1,311,EMI,40
B-25810,Electronics,Accessories,3,307,EMI,74
B-25858,Electronics,Accessories,7,294,EMI,109
B-25861,Electronics,Electronic Games,3,216,COD,-83
B-25661,Furniture,Chairs,2,58,Debit Card,-42
B-25943,Clothing,Stole,4,48,UPI,20
B-25955,Clothing,T-shirt,3,54,UPI,14
B-26051,Clothing,Stole,4,216,COD,50
B-25999,Clothing,Saree,2,215,COD,-30
B-26083,Clothing,Leggings,3,43,COD,8
B-25950,Clothing,Saree,5,136,COD,-33
B-25625,Clothing,Leggings,3,59,Debit Card,-30
B-26055,Clothing,Shirt,14,213,COD,4
B-26023,Clothing,Stole,2,59,Debit Card,21
B-26010,Clothing,T-shirt,3,55,COD,3
B-25955,Clothing,T-shirt,9,294,EMI,62
B-25900,Electronics,Phones,2,210,COD,62
B-26089,Clothing,Kurti,6,59,Debit Card,24
B-25655,Clothing,Saree,9,396,COD,-31
B-25979,Furniture,Bookcases,2,284,EMI,45
B-26002,Clothing,Saree,5,276,EMI,52
B-25635,Clothing,Skirt,2,23,UPI,2
B-26084,Electronics,Electronic Games,4,209,COD,-63
B-25998,Furniture,Furnishings,5,50,COD,-28
B-25872,Clothing,Shirt,2,57,COD,27
B-25795,Electronics,Phones,2,276,EMI,-21
B-25902,Furniture,Bookcases,2,268,UPI,6
B-25650,Clothing,Trousers,3,269,EMI,111
B-25957,Clothing,Saree,1,209,COD,2
B-25793,Clothing,Hankerchief,4,60,Debit Card,-12
B-25654,Electronics,Electronic Games,2,269,EMI,-86
B-25750,Clothing,Saree,2,208,COD,-25
B-25835,Clothing,Leggings,2,27,UPI,2
B-25652,Clothing,Saree,3,206,COD,-206
B-26018,Clothing,Hankerchief,4,61,Debit Card,8
B-25750,Furniture,Chairs,2,212,COD,-24
B-25840,Clothing,Saree,6,262,EMI,64
B-25756,Furniture,Bookcases,3,204,COD,276
B-25777,Clothing,T-shirt,7,59,UPI,-46
B-25750,Clothing,Saree,2,199,COD,-18
B-25823,Electronics,Accessories,1,59,UPI,6
B-26096,Clothing,Leggings,3,45,UPI,9
B-25757,Clothing,Stole,8,211,COD,19
B-25698,Electronics,Phones,2,65,Debit Card,-16
B-25710,Clothing,Skirt,4,25,UPI,0
B-25994,Electronics,Phones,5,196,COD,-7
B-25950,Clothing,Shirt,6,261,Credit Card,13
B-25653,Electronics,Phones,5,195,COD,-117
B-25785,Clothing,Saree,3,192,COD,-146
B-25863,Clothing,Stole,7,189,COD,87
B-25959,Clothing,Kurti,2,32,UPI,2
B-25991,Clothing,Shirt,7,188,COD,13
B-25680,Clothing,Saree,3,73,COD,-25
B-25910,Clothing,Hankerchief,5,259,Credit Card,47
B-25737,Clothing,Trousers,3,187,COD,-15
B-25853,Clothing,Hankerchief,2,26,UPI,11
B-26097,Furniture,Chairs,6,185,COD,-26
B-25875,Clothing,Saree,2,248,Credit Card,8
B-26031,Clothing,Leggings,4,67,Debit Card,9
B-25773,Furniture,Chairs,3,248,Credit Card,-70
B-25840,Furniture,Bookcases,2,246,Credit Card,61
B-25908,Clothing,Kurti,5,179,COD,-25
B-26041,Furniture,Furnishings,5,176,COD,-28
B-26010,Furniture,Furnishings,5,176,COD,-13
B-25640,Clothing,Trousers,2,68,Debit Card,-62
B-25794,Electronics,Accessories,6,176,COD,37
B-25987,Clothing,Hankerchief,7,88,UPI,11
B-25615,Clothing,Hankerchief,5,68,Debit Card,20
B-25997,Electronics,Electronic Games,2,231,Credit Card,99
B-25981,Clothing,T-shirt,2,62,UPI,8
B-25791,Clothing,Saree,3,175,COD,77
B-25986,Clothing,Leggings,5,71,Debit Card,4
B-25652,Electronics,Accessories,3,174,COD,-70
B-25952,Furniture,Chairs,3,173,COD,69
B-25898,Electronics,Electronic Games,2,171,COD,2
B-25785,Clothing,Saree,3,268,COD,-25
B-25990,Clothing,Saree,3,71,Debit Card,32
B-26091,Clothing,Hankerchief,4,29,UPI,10
B-25604,Clothing,T-shirt,2,65,UPI,17
B-25754,Clothing,Kurti,7,72,Debit Card,-46
B-25724,Furniture,Bookcases,2,168,COD,-51
B-25757,Clothing,Stole,3,165,COD,30
B-25767,Electronics,Accessories,2,74,Debit Card,-59
B-25886,Clothing,Stole,2,89,UPI,17
B-25621,Electronics,Electronic Games,3,228,Credit Card,63
B-25967,Furniture,Furnishings,4,119,COD,-24
B-25691,Clothing,Stole,3,75,UPI,-25
B-25953,Clothing,T-shirt,4,67,UPI,20
B-25651,Clothing,Leggings,1,7,COD,0
B-25828,Clothing,Saree,5,222,Credit Card,35
B-25628,Clothing,Saree,4,219,Credit Card,-9
B-25703,Furniture,Furnishings,2,42,UPI,-23
B-25929,Furniture,Chairs,3,216,Credit Card,-135
B-25748,Electronics,Electronic Games,2,47,COD,-21
B-25610,Electronics,Accessories,5,68,UPI,-55
B-25903,Clothing,Shirt,2,74,Debit Card,33
B-25878,Furniture,Furnishings,3,165,COD,46
B-26056,Clothing,Hankerchief,2,101,UPI,11
B-26004,Electronics,Electronic Games,2,162,COD,73
B-25699,Furniture,Furnishings,1,20,UPI,-22
B-26053,Clothing,Stole,3,162,COD,55
B-25654,Clothing,Saree,2,229,UPI,-23
B-25954,Clothing,Leggings,2,27,COD,0
B-25910,Clothing,Trousers,7,685,UPI,7
B-26064,Clothing,Leggings,5,75,Debit Card,2
B-25983,Furniture,Furnishings,8,161,COD,-229
B-26002,Clothing,T-shirt,3,71,COD,19
B-25650,Clothing,Saree,2,211,Credit Card,-105
B-26043,Clothing,Hankerchief,6,79,Debit Card,5
B-25657,Clothing,Saree,5,32,UPI,-22
B-25838,Clothing,Stole,3,161,COD,40
B-25651,Clothing,Saree,1,159,COD,4
B-25808,Clothing,Hankerchief,4,210,Credit Card,-50
B-25973,Clothing,Shirt,2,79,Debit Card,39
B-25698,Clothing,Saree,3,207,Credit Card,153
B-25818,Clothing,Kurti,4,36,COD,0
B-26061,Electronics,Printers,1,206,Credit Card,12
B-25878,Clothing,Leggings,4,46,COD,0
B-26054,Clothing,Stole,3,156,COD,23
B-25809,Clothing,Hankerchief,3,154,COD,54
B-26042,Clothing,Stole,3,36,UPI,15
B-26008,Clothing,Hankerchief,4,206,Credit Card,51
B-25927,Electronics,Electronic Games,4,200,Credit Card,7
B-26008,Clothing,Saree,1,199,Credit Card,-1
B-25753,Clothing,T-shirt,7,154,COD,22
B-25948,Furniture,Furnishings,3,152,COD,23
B-26094,Clothing,Stole,6,152,COD,50
B-25654,Furniture,Furnishings,3,122,UPI,-21
B-25854,Clothing,Stole,6,149,COD,48
B-25623,Clothing,Saree,4,149,COD,-87
B-25985,Clothing,Kurti,4,197,Credit Card,20
B-25723,Electronics,Electronic Games,3,76,COD,-54
B-25751,Electronics,Electronic Games,2,221,COD,-15
B-26050,Clothing,Saree,3,79,Debit Card,32
B-25800,Clothing,Hankerchief,7,45,UPI,12
B-25673,Clothing,Saree,1,149,COD,-1
B-26002,Clothing,Stole,3,80,Debit Card,22
B-26009,Clothing,Shirt,9,195,Credit Card,12
B-25754,Clothing,Skirt,3,19,UPI,0
B-25953,Clothing,Stole,3,81,Debit Card,41
B-26039,Clothing,Shirt,5,83,Debit Card,34
B-26001,Furniture,Furnishings,4,149,COD,17
B-25620,Electronics,Printers,1,193,Credit Card,46
B-26051,Clothing,Hankerchief,10,85,Debit Card,24
B-25673,Clothing,Saree,5,44,UPI,-17
B-25721,Electronics,Phones,2,149,COD,-40
B-25764,Clothing,Kurti,2,26,COD,0
B-25645,Clothing,T-shirt,4,86,Debit Card,0
B-26066,Clothing,Saree,2,86,Debit Card,22
B-26003,Clothing,T-shirt,3,79,COD,16
B-25712,Electronics,Phones,3,193,Credit Card,-275
B-25796,Clothing,Saree,3,148,COD,0
B-25738,Furniture,Furnishings,2,70,UPI,-14
B-25771,Clothing,Hankerchief,3,148,COD,59
B-25950,Furniture,Furnishings,9,190,Credit Card,19
B-26038,Clothing,Stole,2,52,COD,14
B-26004,Clothing,Saree,3,147,COD,44
B-25896,Clothing,T-shirt,8,190,Credit Card,68
B-25601,Electronics,Electronic Games,4,80,UPI,-56
B-25952,Clothing,Saree,3,147,COD,48
B-25873,Clothing,Stole,3,66,COD,12
B-25844,Clothing,Saree,2,86,Debit Card,8
B-26054,Clothing,Shirt,2,88,Debit Card,19
B-25953,Electronics,Electronic Games,2,188,Credit Card,-193
B-25951,Clothing,Stole,2,89,UPI,29
B-26065,Clothing,Stole,5,146,COD,19
B-26033,Furniture,Bookcases,1,143,COD,32
B-25781,Clothing,Kurti,4,25,COD,-1
B-26043,Clothing,Skirt,3,30,UPI,12
B-25787,Furniture,Furnishings,4,140,COD,-58
B-25664,Furniture,Bookcases,1,83,UPI,-48
B-25825,Clothing,Saree,5,140,COD,6
B-25818,Clothing,Hankerchief,4,28,COD,14
B-25765,Clothing,Stole,3,139,COD,14
B-25853,Clothing,Hankerchief,3,30,UPI,14
B-26030,Clothing,Shirt,3,89,UPI,36
B-25730,Electronics,Accessories,4,187,Credit Card,30
B-26054,Electronics,Accessories,3,139,COD,21
B-25773,Clothing,Saree,2,437,UPI,-14
B-25717,Clothing,Saree,5,138,COD,-3
B-26010,Clothing,Shirt,2,85,UPI,13
B-25893,Clothing,Stole,3,83,UPI,12
B-26076,Clothing,Stole,2,91,UPI,22
B-25803,Clothing,Shirt,5,137,COD,5
B-25709,Clothing,Saree,7,33,UPI,-12
B-25755,Furniture,Chairs,2,134,COD,-34
B-25684,Furniture,Chairs,2,134,COD,42
B-25739,Furniture,Chairs,2,133,COD,-56
B-26081,Clothing,Saree,3,93,UPI,-84
B-25662,Electronics,Electronic Games,1,86,UPI,-21
B-25845,Clothing,Stole,5,132,COD,54
B-26085,Clothing,Saree,3,132,COD,-10
B-25745,Furniture,Furnishings,5,132,COD,-79
B-25999,Clothing,Stole,4,93,UPI,-65
B-26082,Clothing,Stole,2,95,UPI,5
B-26097,Clothing,Hankerchief,2,97,UPI,12
B-25731,Furniture,Furnishings,8,131,COD,-154
B-25625,Clothing,Hankerchief,2,97,UPI,29
B-25853,Clothing,Saree,3,128,COD,4
B-25703,Clothing,Shirt,9,186,Credit Card,241
B-26003,Clothing,Hankerchief,4,128,COD,47
B-25803,Clothing,Stole,4,185,Credit Card,48
B-25719,Clothing,Stole,2,29,COD,10
B-25883,Furniture,Furnishings,3,127,COD,29
B-25891,Clothing,Hankerchief,7,97,UPI,36
B-25821,Electronics,Accessories,3,125,COD,0
B-25646,Clothing,Saree,2,299,COD,-8
B-25874,Clothing,T-shirt,5,124,COD,54
B-25717,Clothing,Shirt,3,90,COD,17
B-26073,Clothing,Hankerchief,4,122,COD,11
B-25800,Electronics,Accessories,9,122,COD,-66
B-25991,Furniture,Chairs,2,90,UPI,30
B-25638,Furniture,Bookcases,3,182,Credit Card,-11
B-26021,Furniture,Furnishings,7,122,COD,59
B-25882,Clothing,Stole,4,121,COD,19
B-26053,Furniture,Chairs,1,120,COD,1
B-25951,Clothing,Stole,5,120,COD,23
B-25757,Clothing,T-shirt,5,34,COD,-11
B-25777,Clothing,Kurti,6,117,COD,17
B-26040,Clothing,Stole,2,38,COD,9
B-25696,Electronics,Phones,3,117,COD,-6
B-25977,Clothing,T-shirt,4,180,Credit Card,54
B-25743,Clothing,Saree,1,99,UPI,-5
B-25651,Furniture,Chairs,3,172,EMI,-103
B-25603,Clothing,Stole,4,116,COD,16
B-25696,Clothing,Saree,1,116,COD,-4
B-26037,Clothing,Stole,7,171,EMI,68
B-26098,Clothing,Skirt,5,46,COD,14
B-25697,Clothing,Trousers,3,115,COD,-39
B-25920,Clothing,T-shirt,2,100,UPI,7
B-25993,Clothing,Stole,2,44,COD,8
B-26089,Clothing,Kurti,3,139,COD,14
B-25960,Furniture,Bookcases,2,171,EMI,-140
B-25917,Clothing,T-shirt,2,100,UPI,12
B-25825,Clothing,Stole,6,115,COD,25
B-25696,Clothing,Saree,3,168,COD,-9
B-25972,Electronics,Accessories,2,115,COD,47
B-25602,Electronics,Phones,2,168,EMI,-111
B-25736,Clothing,Skirt,5,31,UPI,-7
B-26003,Furniture,Furnishings,6,114,COD,41
B-25970,Clothing,Stole,4,111,COD,9
B-25742,Clothing,Skirt,2,11,UPI,-8
B-25770,Furniture,Furnishings,1,110,COD,35
B-26098,Clothing,T-shirt,2,59,UPI,15
B-26050,Electronics,Accessories,2,166,EMI,27
B-25778,Clothing,Saree,6,109,COD,-6
B-25652,Clothing,Leggings,4,34,COD,-6
B-25999,Furniture,Furnishings,1,109,COD,40
B-25909,Electronics,Accessories,3,108,COD,22
B-25823,Furniture,Furnishings,2,103,UPI,50
B-25701,Clothing,Skirt,2,10,COD,-8
B-25855,Clothing,Hankerchief,3,90,COD,17
B-25654,Clothing,Stole,2,105,UPI,46
B-25623,Clothing,Stole,2,105,Debit Card,20
B-25641,Furniture,Furnishings,1,22,COD,-6
B-25852,Clothing,Kurti,5,105,COD,-33
B-25958,Clothing,Hankerchief,2,105,EMI,25
B-25802,Clothing,Saree,5,25,UPI,-7
B-25823,Furniture,Furnishings,2,104,COD,2
B-25834,Clothing,Stole,1,16,UPI,5
B-25678,Clothing,Saree,3,64,COD,-7
B-25774,Furniture,Furnishings,2,38,UPI,-6
B-25904,Furniture,Chairs,2,83,COD,12
B-25896,Clothing,Hankerchief,2,103,COD,36
B-25796,Clothing,Saree,1,37,UPI,-6
B-25934,Clothing,Saree,6,105,EMI,33
B-25750,Furniture,Furnishings,2,78,UPI,-6
B-25761,Clothing,Saree,1,102,COD,-90
B-25912,Clothing,T-shirt,6,102,COD,11
B-25751,Clothing,Kurti,1,10,UPI,-8
B-25656,Clothing,Skirt,9,101,COD,18
B-25647,Clothing,Saree,4,42,UPI,-6
B-25861,Clothing,Hankerchief,2,56,UPI,18
B-25802,Clothing,Stole,2,95,COD,5
B-25901,Furniture,Furnishings,3,159,EMI,2
B-25623,Clothing,Stole,3,158,EMI,69
B-25751,Electronics,Phones,2,106,EMI,0
B-26052,Clothing,T-shirt,4,101,COD,16
B-25886,Clothing,Shirt,3,107,COD,37
B-25804,Clothing,T-shirt,5,156,EMI,36
B-25734,Electronics,Electronic Games,3,108,UPI,-19
B-25610,Clothing,Stole,4,107,EMI,-54
B-25711,Clothing,Hankerchief,4,100,COD,-58
B-25985,Clothing,Shirt,4,108,UPI,26
B-25864,Clothing,Stole,4,100,COD,6
B-25648,Electronics,Phones,1,100,COD,-23
B-26086,Clothing,T-shirt,2,43,UPI,17
B-25835,Clothing,Stole,3,155,EMI,26
B-25949,Clothing,Hankerchief,3,151,EMI,9
B-25930,Clothing,Hankerchief,5,151,EMI,29
B-25655,Clothing,Saree,4,110,EMI,-68
B-25757,Furniture,Furnishings,2,98,COD,9
B-25655,Clothing,Trousers,2,97,COD,-62
B-26033,Clothing,Shirt,5,111,COD,35
B-26083,Electronics,Accessories,1,45,COD,17
B-25805,Furniture,Chairs,2,112,COD,15
B-25955,Clothing,Stole,5,110,Debit Card,20
B-25762,Clothing,Saree,2,98,UPI,-5
B-25919,Clothing,Stole,7,110,Debit Card,12
B-25853,Furniture,Furnishings,4,95,COD,11
B-25925,Furniture,Chairs,3,1228,UPI,14
B-26023,Furniture,Furnishings,3,29,COD,0
B-26055,Clothing,T-shirt,2,94,COD,27
B-25653,Electronics,Accessories,1,115,COD,25
B-25893,Clothing,Saree,3,149,EMI,15
B-26052,Clothing,Kurti,4,148,EMI,23
B-25830,Electronics,Accessories,2,93,COD,15
B-26040,Clothing,Hankerchief,4,113,Debit Card,24
B-25981,Clothing,Stole,3,48,COD,2
B-25954,Electronics,Electronic Games,1,148,UPI,9
B-25889,Clothing,T-shirt,4,114,Debit Card,11
B-25810,Clothing,Stole,2,92,COD,42
B-25637,Clothing,Shirt,3,117,UPI,14
B-25801,Clothing,Leggings,4,21,COD,-10
B-25783,Clothing,Leggings,6,33,UPI,-10
B-25697,Electronics,Accessories,3,114,Debit Card,8
B-26028,Electronics,Accessories,1,115,Debit Card,0
B-25851,Clothing,T-shirt,5,90,COD,29
B-25938,Furniture,Furnishings,2,61,COD,1
B-25820,Furniture,Chairs,1,119,COD,1
B-25850,Clothing,Trousers,2,117,Debit Card,36
B-25924,Furniture,Chairs,2,148,UPI,54
B-25609,Clothing,Saree,4,249,COD,-5
B-25898,Clothing,Stole,3,147,UPI,73
B-25814,Clothing,T-shirt,7,118,EMI,35
B-26087,Clothing,Saree,7,119,EMI,56
B-25901,Clothing,T-shirt,2,90,COD,27
B-26025,Clothing,Stole,2,32,COD,1
B-25631,Furniture,Furnishings,2,89,COD,-89
B-25954,Electronics,Phones,1,146,UPI,66
B-25956,Clothing,Shirt,4,89,COD,-37
B-26096,Electronics,Accessories,3,88,COD,11
B-25862,Clothing,Stole,4,121,EMI,41
B-26054,Clothing,Saree,2,88,COD,20
B-25698,Clothing,Kurti,5,87,COD,-83
B-25606,Clothing,Shirt,2,87,COD,4
B-25928,Electronics,Accessories,3,122,EMI,15
B-26005,Clothing,Stole,3,87,COD,10
B-25963,Furniture,Furnishings,3,53,UPI,8
B-25952,Clothing,Skirt,9,87,COD,-32
B-25683,Clothing,Saree,6,86,COD,-55
B-25914,Clothing,Stole,3,125,EMI,22
B-25828,Clothing,Saree,3,128,Debit Card,-3
B-25743,Clothing,Saree,5,143,UPI,-124
B-26085,Clothing,Saree,2,86,COD,22
B-25869,Clothing,Saree,3,86,COD,9
B-25773,Clothing,Saree,4,85,COD,-9
B-25700,Clothing,Shirt,5,129,Debit Card,-75
B-25921,Electronics,Accessories,2,84,COD,-42
B-25730,Furniture,Chairs,3,83,COD,-81
B-26083,Electronics,Accessories,2,143,UPI,6
B-25849,Electronics,Phones,3,336,UPI,123
B-25909,Electronics,Phones,5,323,UPI,122
B-26038,Clothing,Shirt,3,130,Debit Card,61
B-25999,Clothing,Saree,5,152,COD,-3
B-25928,Furniture,Furnishings,1,25,UPI,10
B-25878,Clothing,Stole,5,140,UPI,15
B-25843,Clothing,Stole,2,45,UPI,0
B-25959,Clothing,Shirt,3,132,COD,49
B-25630,Clothing,Stole,5,133,Debit Card,12
B-25858,Clothing,Shirt,2,82,COD,13
B-26096,Clothing,Shirt,4,140,UPI,56
B-25838,Clothing,Hankerchief,7,81,COD,19
B-25943,Clothing,Hankerchief,5,137,Debit Card,38
B-25780,Electronics,Phones,3,137,Debit Card,-41
B-25949,Clothing,Trousers,2,140,Debit Card,57
B-25892,Clothing,Shirt,3,139,UPI,30
B-26054,Clothing,Stole,5,138,UPI,11
B-25988,Clothing,Skirt,9,79,COD,-124
B-25939,Electronics,Accessories,3,136,UPI,41
B-26083,Clothing,T-shirt,3,145,Debit Card,16
B-26078,Clothing,T-shirt,2,44,UPI,20
B-25902,Clothing,Saree,7,79,COD,6
B-25676,Clothing,Shirt,4,79,COD,36
B-26016,Electronics,Electronic Games,3,134,UPI,-13
B-25950,Clothing,Stole,5,133,UPI,5
B-26056,Clothing,Hankerchief,7,47,UPI,20
B-25645,Electronics,Printers,1,133,UPI,-42
B-25906,Clothing,Stole,3,78,COD,27
B-26017,Furniture,Chairs,1,78,COD,7
B-25644,Furniture,Furnishings,8,76,COD,-92
B-25679,Clothing,Saree,1,76,COD,-50
B-25854,Clothing,Hankerchief,3,76,COD,19
B-25670,Clothing,Stole,3,74,COD,29
B-25792,Clothing,Stole,3,74,COD,-25
B-25808,Electronics,Electronic Games,3,146,Debit Card,-63
B-25750,Furniture,Bookcases,1,73,COD,-31
B-26051,Clothing,Stole,3,80,UPI,22
B-26076,Clothing,Shirt,5,133,EMI,46
B-25946,Electronics,Phones,2,146,Debit Card,7
B-25648,Clothing,Saree,4,130,EMI,-41
B-25992,Clothing,Shirt,3,141,UPI,41
B-25848,Furniture,Furnishings,3,147,Debit Card,21
B-25697,Electronics,Phones,1,73,COD,-7
B-25659,Clothing,T-shirt,7,148,Debit Card,72
B-25716,Clothing,Saree,4,58,UPI,0
B-25652,Clothing,Leggings,3,21,UPI,-13
B-26093,Clothing,Saree,3,148,Debit Card,25
B-25725,Electronics,Electronic Games,4,144,COD,-7
B-25661,Furniture,Chairs,5,145,UPI,-104
B-25693,Electronics,Phones,1,72,COD,-49
B-25910,Clothing,Shirt,5,125,EMI,15
B-25943,Clothing,Saree,3,149,Debit Card,15
B-26100,Clothing,Shirt,2,72,COD,16
B-25830,Clothing,Skirt,8,71,COD,0
B-25932,Furniture,Furnishings,4,71,COD,-14
B-25929,Furniture,Chairs,3,154,EMI,-85
B-25708,Furniture,Furnishings,8,191,COD,13
B-25921,Clothing,T-shirt,5,170,UPI,19
B-25755,Clothing,Stole,2,47,UPI,-3
B-25640,Clothing,Saree,4,122,EMI,-47
B-25838,Clothing,Hankerchief,5,70,COD,26
B-26025,Clothing,Stole,3,155,EMI,5
B-25789,Furniture,Furnishings,9,67,COD,-86
B-25697,Clothing,Stole,3,67,COD,-42
B-25797,Furniture,Bookcases,2,148,UPI,-101
B-26064,Clothing,T-shirt,6,122,Credit Card,38
B-25732,Clothing,Stole,2,16,UPI,-5
B-25654,Furniture,Furnishings,3,121,Credit Card,-17
B-25750,Clothing,Skirt,12,42,UPI,-15
B-25751,Clothing,Hankerchief,6,65,COD,-4
B-25889,Clothing,Kurti,7,119,Credit Card,-43
B-25683,Furniture,Furnishings,3,155,EMI,56
B-25602,Clothing,Saree,8,119,Credit Card,-5
B-25871,Clothing,Hankerchief,4,118,Credit Card,25
B-25953,Electronics,Accessories,1,116,Credit Card,22
B-25950,Clothing,Hankerchief,10,158,EMI,-29
B-26091,Clothing,Stole,3,158,EMI,69
B-25753,Electronics,Accessories,3,65,COD,-52
B-25611,Clothing,Saree,2,160,EMI,-59
B-25935,Furniture,Chairs,3,162,EMI,20
B-25886,Clothing,T-shirt,4,63,COD,1
B-25833,Clothing,Hankerchief,5,64,UPI,27
B-25665,Electronics,Accessories,4,166,EMI,-113
B-25694,Clothing,T-shirt,7,167,EMI,43
B-25668,Furniture,Furnishings,3,123,COD,17
B-25945,Clothing,Shirt,2,63,COD,14
B-25954,Clothing,Saree,5,891,COD,0
B-25818,Clothing,Hankerchief,9,75,UPI,28
B-25861,Clothing,Hankerchief,5,62,COD,6
B-25721,Clothing,Skirt,7,29,UPI,-18
B-26024,Clothing,Stole,6,168,Debit Card,18
B-26056,Clothing,Stole,3,70,UPI,24
B-26050,Clothing,Saree,4,169,Debit Card,55
B-25708,Clothing,Stole,2,32,COD,-8
B-25651,Clothing,Stole,3,44,UPI,-8
B-25616,Clothing,Stole,5,116,Credit Card,-56
B-25827,Furniture,Chairs,3,156,COD,21
B-25996,Clothing,Skirt,6,62,COD,6
B-25830,Clothing,Saree,2,54,UPI,1
B-25951,Clothing,Hankerchief,9,111,Credit Card,11
B-25713,Furniture,Chairs,4,158,UPI,-63
B-25678,Clothing,Skirt,2,7,UPI,-3
B-25901,Clothing,Hankerchief,2,61,UPI,28
B-25798,Clothing,Hankerchief,4,61,COD,-50
B-25902,Electronics,Accessories,4,154,COD,26
B-25851,Clothing,Saree,3,62,COD,1
B-25944,Clothing,Saree,3,169,Debit Card,38
B-25939,Electronics,Accessories,2,61,COD,18
B-25656,Clothing,Saree,2,61,COD,-23
B-25695,Clothing,Shirt,9,171,Debit Card,14
B-25781,Clothing,Hankerchief,8,60,COD,-49
B-25783,Clothing,Stole,1,25,UPI,-11
B-25867,Clothing,Shirt,4,163,COD,26
B-25993,Electronics,Printers,1,173,Debit Card,86
B-25755,Furniture,Bookcases,2,257,UPI,-3
B-25880,Clothing,Stole,2,108,Credit Card,37
B-25941,Clothing,Shirt,4,177,Debit Card,41
B-25757,Clothing,Hankerchief,7,106,Credit Card,15
B-25754,Clothing,Leggings,5,41,UPI,-14
B-25653,Electronics,Accessories,3,168,UPI,-10
B-25821,Clothing,Stole,4,60,COD,21
B-25706,Clothing,Stole,4,31,COD,-11
B-26064,Clothing,Saree,2,179,Debit Card,0
B-25803,Clothing,Trousers,3,106,Credit Card,12
B-26076,Clothing,T-shirt,2,60,COD,13
B-25603,Clothing,Trousers,3,180,Debit Card,5
B-25903,Furniture,Furnishings,2,60,COD,-10
B-25938,Clothing,Stole,3,59,COD,25
B-25868,Electronics,Accessories,2,170,UPI,73
B-25956,Clothing,Hankerchief,2,59,COD,10
B-25652,Clothing,Skirt,7,24,COD,-21
B-25883,Clothing,Leggings,8,105,Credit Card,-26
B-26096,Clothing,Saree,2,103,Credit Card,46
B-25969,Clothing,T-shirt,6,171,UPI,17
B-25951,Clothing,Stole,2,102,Credit Card,13
B-25855,Clothing,Hankerchief,2,98,Credit Card,12
B-26091,Clothing,Leggings,4,59,COD,10
B-25954,Furniture,Furnishings,4,189,Debit Card,60
B-25763,Furniture,Chairs,3,58,COD,-52
B-25945,Clothing,Saree,3,60,UPI,3
B-25740,Clothing,Saree,2,58,COD,-8
B-25818,Furniture,Furnishings,2,94,UPI,20
B-25603,Clothing,Saree,3,193,EMI,-166
B-25964,Clothing,Stole,4,199,EMI,0
B-25930,Clothing,T-shirt,9,202,EMI,89
B-25930,Clothing,Hankerchief,2,58,COD,17
B-25879,Clothing,Kurti,2,57,COD,-28
B-25903,Clothing,Hankerchief,4,204,EMI,-94
B-25614,Electronics,Electronic Games,2,98,Credit Card,-12
B-25750,Clothing,Stole,3,22,COD,-12
B-25852,Clothing,Stole,2,97,Credit Card,17
B-26008,Clothing,Leggings,5,57,COD,24
B-26092,Clothing,T-shirt,2,97,Credit Card,14
B-25689,Clothing,Stole,2,97,Credit Card,17
B-25730,Clothing,Stole,5,96,Credit Card,22
B-25885,Clothing,Shirt,2,94,Credit Card,27
B-25999,Clothing,Stole,1,26,COD,-17
B-26011,Clothing,Stole,2,93,Credit Card,44
B-25754,Clothing,Stole,4,93,Credit Card,-65
B-26030,Clothing,Hankerchief,6,92,Credit Card,5
B-25851,Clothing,T-shirt,2,57,COD,27
B-25870,Furniture,Furnishings,3,57,COD,7
B-26074,Clothing,Leggings,4,57,COD,21
B-25861,Clothing,Saree,3,128,COD,4
B-25797,Clothing,Saree,5,89,Credit Card,-4
B-25993,Furniture,Furnishings,7,221,COD,26
B-25799,Clothing,Saree,3,205,Debit Card,-119
B-25721,Clothing,Shirt,5,191,UPI,51
B-26056,Clothing,Hankerchief,4,206,Debit Card,18
B-25743,Clothing,Hankerchief,4,56,COD,0
B-25854,Clothing,Stole,4,88,Credit Card,16
B-25748,Electronics,Phones,3,224,UPI,58
B-25976,Clothing,T-shirt,4,193,UPI,8
B-25953,Clothing,Stole,5,87,Credit Card,36
B-25996,Clothing,Saree,1,189,UPI,4
B-25717,Furniture,Chairs,2,55,COD,-33
B-25865,Clothing,Saree,3,85,Credit Card,-1
B-25959,Electronics,Phones,2,252,UPI,56
B-25855,Furniture,Bookcases,1,197,COD,73
B-25703,Clothing,Stole,2,17,UPI,-3
B-26049,Clothing,Hankerchief,2,100,UPI,28
B-25755,Clothing,Stole,5,80,UPI,-19
B-26070,Clothing,Trousers,1,75,UPI,29
B-25755,Clothing,Saree,2,26,UPI,4
B-26047,Clothing,Skirt,5,55,COD,12
B-25604,Clothing,Saree,9,157,UPI,5
B-25651,Furniture,Bookcases,4,200,UPI,-60
B-25983,Clothing,Saree,2,230,UPI,5
B-26056,Furniture,Bookcases,3,213,Debit Card,-145
B-25940,Clothing,Stole,2,55,COD,4
B-25766,Clothing,Saree,2,220,Debit Card,-19
B-25935,Clothing,Hankerchief,3,150,COD,32
B-25970,Electronics,Printers,2,203,UPI,84
B-26053,Electronics,Accessories,3,93,UPI,31
B-25947,Clothing,Hankerchief,6,290,COD,35
B-25856,Clothing,Saree,1,48,COD,6
B-26030,Electronics,Accessories,4,221,Debit Card,35
B-26069,Clothing,Kurti,2,55,COD,18
B-25653,Electronics,Accessories,8,227,Debit Card,102
B-25627,Clothing,Stole,4,55,COD,-39
B-25947,Electronics,Accessories,2,207,UPI,33
B-25801,Clothing,Saree,4,64,COD,6
B-25964,Clothing,Saree,5,89,COD,6
B-25950,Clothing,Stole,2,54,COD,27
B-25878,Clothing,T-shirt,3,84,Credit Card,41
B-25773,Electronics,Electronic Games,2,209,UPI,-21
B-26081,Clothing,Stole,4,79,UPI,33
B-26027,Clothing,T-shirt,4,54,COD,8
B-25967,Clothing,Saree,9,229,Debit Card,59
B-25901,Clothing,Hankerchief,3,158,UPI,38
B-25951,Electronics,Phones,2,248,Debit Card,105
B-25853,Clothing,Saree,2,199,UPI,6
B-25923,Clothing,Trousers,1,253,Debit Card,-11
B-25793,Clothing,Saree,4,257,Debit Card,-252
B-26068,Electronics,Accessories,5,193,COD,33
B-26080,Clothing,T-shirt,6,109,COD,35
B-25843,Electronics,Accessories,3,214,COD,30
B-26002,Clothing,Saree,7,141,COD,7
B-25993,Furniture,Furnishings,4,201,UPI,32
B-26070,Clothing,Shirt,4,54,COD,12
B-25887,Clothing,Shirt,6,83,EMI,6
B-25654,Clothing,Saree,3,54,COD,-3
B-25898,Clothing,T-shirt,3,53,COD,5
B-25664,Electronics,Phones,2,258,Debit Card,-27
B-26012,Clothing,Saree,2,199,COD,8
B-25979,Clothing,Kurti,3,82,EMI,-27
B-26054,Clothing,Stole,3,139,COD,36
B-25757,Clothing,Stole,2,53,COD,15
B-25623,Clothing,Stole,4,53,COD,1
B-25824,Furniture,Furnishings,2,101,COD,38
B-25754,Electronics,Printers,2,262,Debit Card,215
B-25693,Clothing,T-shirt,5,82,EMI,-39
B-25638,Clothing,Hankerchief,3,154,COD,39
B-25922,Clothing,Stole,2,52,COD,18
B-25919,Electronics,Electronic Games,6,1599,UPI,37
B-25989,Clothing,Hankerchief,7,338,UPI,41
B-25999,Electronics,Electronic Games,2,51,COD,-49
B-25661,Furniture,Chairs,3,224,COD,-81
B-26099,Clothing,Hankerchief,4,207,COD,37
B-25866,Clothing,Stole,2,51,COD,14
B-26098,Electronics,Accessories,3,82,EMI,8
B-26062,Clothing,Stole,2,50,COD,-17
B-25761,Electronics,Electronic Games,9,263,Debit Card,-31
B-25843,Clothing,Skirt,6,50,COD,7
B-25683,Electronics,Phones,4,245,UPI,-3
B-25959,Clothing,Hankerchief,6,82,EMI,24
B-25787,Electronics,Accessories,8,229,COD,-41
B-25951,Electronics,Electronic Games,1,50,COD,14
B-26056,Electronics,Accessories,2,220,COD,40
B-25643,Electronics,Electronic Games,2,263,Debit Card,-63
B-26093,Clothing,Leggings,5,81,EMI,-41
B-25775,Clothing,Stole,2,50,COD,-17
B-26093,Clothing,Hankerchief,4,49,COD,5
B-25851,Clothing,T-shirt,9,237,UPI,47
B-25685,Furniture,Furnishings,3,264,Debit Card,-30
B-25651,Clothing,Shirt,1,49,COD,3
B-25793,Clothing,Kurti,6,63,COD,-24
B-25708,Clothing,Stole,7,81,EMI,-51
B-25847,Furniture,Furnishings,10,264,Debit Card,71
B-25954,Clothing,Shirt,2,48,COD,11
B-25997,Clothing,Hankerchief,1,48,COD,15
B-25650,Electronics,Printers,2,245,UPI,-78
B-25883,Clothing,Hankerchief,5,146,UPI,42
B-25945,Furniture,Bookcases,2,245,COD,10
B-25981,Furniture,Bookcases,2,245,UPI,91
B-25862,Clothing,Stole,3,80,EMI,3
B-25877,Furniture,Chairs,5,269,Debit Card,33
B-26090,Clothing,Stole,3,80,EMI,22
B-26050,Clothing,Hankerchief,6,284,COD,44
B-26072,Electronics,Electronic Games,3,313,COD,44
B-25916,Clothing,Skirt,9,80,EMI,-26
B-25722,Clothing,Stole,8,48,COD,-8
B-25746,Clothing,Saree,2,87,UPI,16
B-25753,Furniture,Furnishings,5,47,COD,-114
B-25956,Electronics,Phones,2,140,COD,28
B-25996,Clothing,Stole,2,47,COD,1
B-25896,Furniture,Furnishings,2,79,EMI,-2
B-25796,Clothing,Stole,7,78,EMI,-64
B-25798,Clothing,Stole,2,47,COD,-3
B-26043,Clothing,Stole,4,185,UPI,48
B-26028,Clothing,Shirt,2,77,EMI,36
B-25812,Clothing,Hankerchief,5,259,UPI,47
B-25605,Clothing,Saree,7,75,EMI,0
B-25702,Clothing,Shirt,3,75,EMI,0
B-25940,Clothing,Leggings,4,46,COD,0
B-26087,Clothing,Hankerchief,3,46,COD,13
B-25955,Electronics,Phones,5,200,COD,13
B-25626,Electronics,Phones,1,46,COD,-14
B-25811,Clothing,Hankerchief,4,126,UPI,52
B-25856,Clothing,Stole,3,74,EMI,29
B-25628,Clothing,Skirt,4,45,COD,13
B-26016,Clothing,Shirt,3,74,UPI,9
B-25999,Electronics,Phones,2,129,UPI,11
B-26043,Clothing,Stole,7,122,UPI,50
B-25743,Clothing,Stole,3,74,UPI,-51
B-26014,Furniture,Chairs,5,278,Debit Card,39
B-25876,Clothing,Trousers,4,282,Debit Card,14
B-25785,Clothing,T-shirt,2,45,COD,0
B-25810,Clothing,Shirt,3,45,COD,6
B-25833,Clothing,Stole,3,45,COD,16
B-25931,Furniture,Chairs,3,73,UPI,-36
B-25852,Clothing,Hankerchief,4,45,COD,12
B-25738,Clothing,Saree,3,72,UPI,-6
B-25921,Electronics,Accessories,5,71,UPI,-44
B-25685,Clothing,Shirt,4,45,COD,-2
B-25996,Clothing,Shirt,6,286,Debit Card,140
B-25663,Electronics,Printers,2,294,Debit Card,138
B-25888,Electronics,Phones,3,223,COD,4
B-25677,Electronics,Accessories,1,20,UPI,-2
B-26045,Furniture,Furnishings,6,302,Debit Card,75
B-26002,Clothing,Saree,2,113,UPI,28
B-25953,Clothing,Hankerchief,3,44,COD,2
B-25617,Electronics,Electronic Games,5,305,Debit Card,-270
B-25702,Clothing,Saree,3,306,Debit Card,-147
B-25799,Clothing,Stole,5,70,UPI,-64
B-25985,Clothing,Stole,4,44,COD,11
B-25952,Clothing,Hankerchief,3,44,COD,14
B-25754,Clothing,Saree,5,319,Debit Card,312
B-25770,Furniture,Chairs,12,287,UPI,-280
B-25954,Clothing,Stole,3,44,COD,10
B-25657,Furniture,Chairs,4,288,COD,-180
B-25801,Clothing,Stole,2,49,COD,-31
B-26000,Clothing,Skirt,4,43,COD,-10
B-25897,Clothing,Stole,3,43,COD,5
B-25681,Electronics,Accessories,3,68,UPI,-27
B-25852,Electronics,Printers,1,320,Debit Card,144
B-26067,Clothing,T-shirt,4,67,UPI,2
B-25601,Clothing,Stole,5,66,UPI,-12
B-25804,Electronics,Printers,3,321,Debit Card,26
B-25751,Clothing,Saree,2,43,COD,-5
B-25630,Clothing,Kurti,5,114,COD,-39
B-25899,Clothing,Saree,1,43,COD,17
B-25751,Clothing,Shirt,3,43,COD,21
B-26081,Clothing,Saree,5,637,COD,50
B-25851,Electronics,Printers,2,300,COD,42
B-26036,Furniture,Furnishings,7,341,UPI,44
B-25704,Electronics,Phones,3,102,COD,0
B-25761,Electronics,Electronic Games,3,328,Debit Card,-15
B-25978,Clothing,Stole,7,341,Debit Card,160
B-26077,Clothing,Hankerchief,7,62,UPI,11
B-25981,Clothing,Leggings,3,42,COD,13
B-26043,Clothing,Hankerchief,5,62,UPI,28
B-25896,Clothing,Kurti,2,42,COD,7
B-25790,Electronics,Electronic Games,1,42,COD,-3
B-25789,Furniture,Bookcases,5,313,UPI,-13
B-26061,Clothing,Stole,2,109,UPI,52
B-25923,Electronics,Accessories,3,226,COD,58
B-25868,Electronics,Phones,1,62,UPI,-1
B-25777,Electronics,Accessories,4,61,UPI,-25
B-25999,Clothing,Hankerchief,5,222,COD,74
B-25854,Furniture,Furnishings,7,342,Debit Card,-154
B-25667,Clothing,Saree,3,344,Debit Card,-34
B-25829,Clothing,Hankerchief,7,345,Debit Card,38
B-25705,Electronics,Electronic Games,2,46,COD,0
B-25843,Clothing,Hankerchief,5,255,COD,74
B-25958,Clothing,Saree,3,360,UPI,32
B-25893,Electronics,Printers,3,372,UPI,59
B-25855,Clothing,Hankerchief,2,61,UPI,30
B-25616,Clothing,Hankerchief,5,42,COD,12
B-25630,Clothing,Kurti,2,42,COD,-26
B-25936,Clothing,Saree,4,61,UPI,25
B-25830,Clothing,Hankerchief,6,41,COD,11
B-25930,Clothing,T-shirt,3,40,COD,13
B-25808,Clothing,Stole,2,59,UPI,21
B-25979,Clothing,Shirt,2,57,UPI,27
B-25687,Clothing,Stole,1,17,UPI,6
B-26087,Clothing,Stole,2,40,COD,10
B-25764,Clothing,Saree,2,349,Debit Card,-24
B-25782,Furniture,Chairs,7,335,UPI,-22
B-25854,Clothing,Hankerchief,3,40,COD,16
B-26085,Clothing,Stole,2,40,COD,17
B-25630,Clothing,Stole,3,40,COD,-7
B-25999,Clothing,Stole,8,352,Debit Card,74
B-25648,Clothing,Saree,4,55,UPI,-26
B-25952,Clothing,Trousers,5,352,Debit Card,18
B-25710,Clothing,T-shirt,4,53,UPI,-18
B-25685,Furniture,Furnishings,2,51,UPI,7
B-25740,Clothing,Stole,3,40,COD,-37
B-25973,Clothing,Leggings,5,39,COD,14
B-25769,Clothing,Saree,2,355,Debit Card,-4
B-25687,Clothing,Saree,2,357,Debit Card,139
B-25603,Clothing,Kurti,1,38,COD,18
B-26050,Clothing,Stole,2,38,COD,9
B-25748,Clothing,Shirt,4,141,UPI,10
B-25833,Clothing,Hankerchief,9,36,COD,4
B-25930,Electronics,Electronic Games,5,351,COD,-94
B-26035,Electronics,Electronic Games,3,369,Debit Card,15
B-25851,Clothing,Hankerchief,6,53,EMI,24
B-25718,Furniture,Bookcases,1,371,Debit Card,115
B-25898,Clothing,Saree,4,499,COD,33
B-25893,Clothing,Shirt,7,223,COD,62
B-25983,Clothing,T-shirt,6,50,EMI,-4
B-26056,Electronics,Phones,6,391,Debit Card,90
B-25715,Electronics,Phones,3,416,Debit Card,137
B-25702,Furniture,Chairs,9,424,Debit Card,-17
B-25618,Furniture,Bookcases,1,362,COD,127
B-25643,Electronics,Electronic Games,1,36,COD,-7
B-25961,Clothing,Skirt,3,34,COD,-10
B-25873,Electronics,Electronic Games,3,367,UPI,73
B-26053,Clothing,Saree,7,425,Debit Card,208
B-25683,Electronics,Printers,3,433,Debit Card,26
B-25718,Furniture,Bookcases,3,460,Debit Card,31
B-25753,Clothing,Kurti,5,62,COD,-56
B-25852,Clothing,Stole,1,50,EMI,16
B-25914,Furniture,Chairs,3,460,Debit Card,-143
B-26083,Clothing,Saree,3,34,COD,3
B-25857,Furniture,Furnishings,2,227,UPI,59
B-25939,Electronics,Electronic Games,4,469,Debit Card,33
B-25851,Clothing,Saree,2,103,UPI,46
B-25699,Clothing,Leggings,5,34,COD,-13
B-26078,Clothing,Stole,3,137,COD,63
B-26075,Clothing,Stole,2,34,COD,12
B-25956,Electronics,Phones,4,474,Debit Card,56
B-25861,Clothing,Stole,2,50,EMI,3
B-25777,Clothing,Kurti,4,69,UPI,-67
B-25634,Furniture,Chairs,3,389,UPI,-83
B-25753,Clothing,Stole,8,77,COD,-43
B-25687,Clothing,T-shirt,3,51,COD,21
B-25885,Furniture,Bookcases,2,394,UPI,146
B-25767,Clothing,Saree,2,48,EMI,-22
B-25961,Clothing,Leggings,5,34,COD,-12
B-25923,Electronics,Printers,3,484,Debit Card,28
B-25799,Clothing,Saree,4,47,EMI,-27
B-25955,Clothing,Skirt,4,45,EMI,8
B-26015,Clothing,Saree,1,128,COD,55
B-26051,Furniture,Bookcases,5,669,COD,74
B-25822,Clothing,Saree,2,34,COD,13
B-25989,Clothing,Hankerchief,3,44,Credit Card,14
B-25910,Clothing,Shirt,2,33,COD,1
B-25956,Clothing,Hankerchief,3,33,COD,10
B-25986,Electronics,Printers,3,487,Debit Card,-23
B-26098,Furniture,Chairs,3,497,Debit Card,179
B-26061,Electronics,Accessories,2,508,Debit Card,203
B-25954,Electronics,Electronic Games,2,524,Debit Card,-25
B-26034,Electronics,Accessories,5,425,UPI,183
B-25909,Clothing,Saree,3,168,COD,56
B-25692,Furniture,Furnishings,7,141,UPI,28
B-25959,Furniture,Chairs,3,429,UPI,17
B-25745,Clothing,Stole,3,44,Credit Card,-8
B-25689,Clothing,Stole,3,149,UPI,136
B-25786,Clothing,Stole,3,44,Credit Card,-34
B-25897,Clothing,Hankerchief,3,33,COD,10
B-26056,Clothing,Hankerchief,2,33,COD,9
B-25855,Electronics,Electronic Games,2,442,UPI,31
B-25667,Clothing,Skirt,5,41,Credit Card,6
B-25701,Clothing,Hankerchief,5,33,COD,-12
B-26046,Clothing,Hankerchief,8,32,COD,3
B-25676,Clothing,Shirt,3,32,COD,6
B-26045,Clothing,Saree,1,179,UPI,77
B-25889,Clothing,Kurti,1,31,COD,10
B-25900,Clothing,T-shirt,5,140,COD,68
B-25685,Electronics,Phones,3,529,Debit Card,137
B-25622,Clothing,Saree,3,534,Debit Card,0
B-25709,Furniture,Chairs,1,41,Credit Card,-6
B-25798,Clothing,Saree,2,379,COD,63
B-25933,Clothing,Stole,3,81,COD,-44
B-25793,Clothing,Hankerchief,5,40,Credit Card,-33
B-25951,Electronics,Accessories,1,40,Credit Card,18
B-25656,Clothing,Saree,3,534,Debit Card,0
B-26056,Clothing,Hankerchief,2,31,COD,9
B-25870,Clothing,Hankerchief,9,473,UPI,-113
B-25690,Clothing,Skirt,3,31,COD,-10
B-25702,Clothing,Saree,4,31,COD,-3
B-25752,Clothing,T-shirt,6,91,UPI,15
B-25781,Clothing,T-shirt,2,30,COD,-25
B-26038,Clothing,T-shirt,1,30,COD,6
B-25761,Clothing,Saree,3,40,Credit Card,0
B-25751,Electronics,Electronic Games,2,534,Debit Card,5
B-25750,Furniture,Furnishings,7,539,Debit Card,-146
B-25726,Furniture,Bookcases,8,490,UPI,-128
B-26048,Electronics,Accessories,2,163,COD,81
B-26051,Clothing,T-shirt,6,184,UPI,85
B-25614,Furniture,Bookcases,4,494,COD,54
B-25907,Clothing,Hankerchief,5,30,COD,11
B-25789,Clothing,Kurti,1,30,COD,0
B-26097,Clothing,Leggings,2,39,Credit Card,-18
B-25902,Clothing,Trousers,3,1700,COD,85
B-25657,Electronics,Phones,6,332,UPI,-43
B-25854,Clothing,Hankerchief,9,436,UPI,131
B-25610,Furniture,Furnishings,2,30,COD,-5
B-25733,Clothing,Stole,2,30,COD,-10
B-25798,Clothing,Stole,3,38,Credit Card,-13
B-25803,Furniture,Chairs,3,511,UPI,194
B-25755,Clothing,Saree,3,37,Credit Card,-53
B-25850,Electronics,Accessories,2,513,COD,215
B-25667,Furniture,Bookcases,4,516,UPI,69
B-25796,Clothing,Trousers,2,559,Debit Card,-19
B-26013,Clothing,Skirt,3,29,COD,-10
B-25683,Clothing,Stole,5,148,UPI,52
B-26054,Electronics,Electronic Games,2,559,Debit Card,-174
B-26010,Electronics,Electronic Games,3,527,COD,26
B-25979,Clothing,Saree,3,560,Debit Card,44
B-25973,Clothing,Stole,12,571,Debit Card,108
B-25975,Clothing,Skirt,3,29,COD,2
B-26010,Clothing,Stole,2,29,COD,3
B-25767,Clothing,Saree,3,29,COD,-3
B-25815,Clothing,Stole,2,35,Credit Card,14
B-25853,Electronics,Printers,3,579,Debit Card,139
B-25756,Clothing,Leggings,4,29,COD,-24
B-25755,Furniture,Bookcases,4,593,Debit Card,213
B-25996,Furniture,Furnishings,2,217,COD,72
B-25619,Clothing,Saree,8,353,COD,90
B-26050,Electronics,Printers,2,382,COD,92
B-26000,Furniture,Chairs,4,597,Debit Card,93
B-26058,Clothing,Hankerchief,7,212,COD,97
B-25856,Clothing,Saree,5,689,COD,90
B-26044,Clothing,Skirt,3,28,COD,-10
B-25654,Clothing,Hankerchief,3,34,Credit Card,12
B-26051,Electronics,Electronic Games,5,600,Debit Card,-102
B-25636,Clothing,Saree,5,637,UPI,113
B-25710,Furniture,Furnishings,7,616,Debit Card,-69
B-25656,Electronics,Electronic Games,2,624,Debit Card,37
B-25919,Clothing,T-shirt,1,28,COD,4
B-25781,Electronics,Printers,7,584,UPI,-444
B-25899,Clothing,Skirt,4,28,COD,6
B-26093,Clothing,Saree,1,33,Credit Card,-1
B-25753,Clothing,Hankerchief,2,27,COD,-20
B-25858,Clothing,Skirt,2,27,COD,5
B-25762,Clothing,Skirt,3,27,COD,4
B-25625,Clothing,Saree,5,635,Debit Card,-349
B-25857,Furniture,Bookcases,4,598,UPI,166
B-25919,Electronics,Printers,2,636,Debit Card,-204
B-25864,Clothing,Hankerchief,2,27,COD,9
B-25698,Clothing,Hankerchief,4,27,COD,-6
B-25959,Electronics,Phones,8,637,Debit Card,212
B-26073,Clothing,Stole,9,290,UPI,110
B-25649,Clothing,Stole,2,27,COD,-25
B-25806,Furniture,Tables,4,632,UPI,-114
B-25756,Electronics,Printers,2,643,Debit Card,-45
B-26003,Furniture,Furnishings,6,652,Debit Card,13
B-25752,Furniture,Chairs,1,33,Credit Card,-27
B-25783,Clothing,Hankerchief,2,26,COD,2
B-25802,Electronics,Accessories,11,633,UPI,-633
B-25881,Clothing,Leggings,2,26,COD,9
B-25898,Clothing,Shirt,4,191,UPI,93
B-25696,Electronics,Printers,3,887,UPI,80
B-25826,Electronics,Printers,2,637,COD,261
B-25745,Furniture,Bookcases,5,670,Debit Card,15
B-25943,Clothing,Hankerchief,4,26,COD,7
B-26051,Furniture,Bookcases,5,676,Debit Card,195
B-25624,Clothing,Hankerchief,3,26,COD,12
B-25723,Clothing,Stole,1,26,COD,-24
B-26052,Clothing,Stole,2,25,COD,7
B-25603,Furniture,Chairs,1,24,COD,-30
B-25983,Furniture,Chairs,1,32,Credit Card,-12
B-25650,Clothing,Saree,2,31,Credit Card,-2
B-25656,Electronics,Printers,5,651,COD,169
B-26018,Furniture,Furnishings,3,326,UPI,107
B-25783,Clothing,Hankerchief,2,30,UPI,-6
B-25951,Clothing,Kurti,2,30,UPI,5
B-25974,Furniture,Bookcases,2,662,COD,240
B-25754,Clothing,Saree,2,30,UPI,-23
B-26073,Clothing,Saree,3,29,UPI,9
B-25796,Electronics,Accessories,1,28,UPI,1
B-25653,Clothing,Saree,2,28,UPI,-3
B-25884,Clothing,Hankerchief,4,24,COD,2
B-25650,Clothing,Stole,2,28,UPI,-26
B-26045,Clothing,Stole,1,27,UPI,5
B-25672,Clothing,Stole,1,27,UPI,-15
B-25949,Clothing,Hankerchief,3,24,COD,11
B-25733,Clothing,Hankerchief,4,23,COD,-6
B-25697,Electronics,Printers,5,322,COD,193
B-25893,Electronics,Accessories,6,688,Debit Card,-103
B-25802,Clothing,Shirt,1,23,COD,-3
B-25961,Clothing,Skirt,3,26,UPI,3
B-25751,Electronics,Phones,2,68,COD,-56
B-25814,Clothing,Saree,4,462,COD,169
B-25702,Furniture,Tables,3,941,UPI,203
B-25896,Clothing,Skirt,2,23,COD,4
B-25969,Electronics,Printers,2,720,UPI,43
B-25778,Electronics,Electronic Games,4,724,UPI,-447
B-25859,Furniture,Bookcases,2,724,UPI,253
B-25810,Clothing,Hankerchief,4,26,UPI,10
B-25616,Clothing,Hankerchief,3,22,COD,-2
B-25633,Clothing,Saree,4,711,Debit Card,-8
B-25753,Clothing,T-shirt,5,107,COD,31
B-25764,Electronics,Phones,2,765,Debit Card,-153
B-25864,Clothing,Leggings,2,22,COD,8
B-25725,Clothing,Stole,2,26,UPI,-5
B-25858,Clothing,Hankerchief,3,22,COD,8
B-25817,Electronics,Printers,5,743,UPI,89
B-25703,Clothing,Kurti,4,22,COD,-15
B-25610,Electronics,Printers,6,781,Debit Card,594
B-25652,Clothing,Hankerchief,5,25,UPI,-2
B-25891,Clothing,Hankerchief,2,25,UPI,2
B-25764,Clothing,T-shirt,5,119,COD,43
B-25664,Electronics,Phones,2,785,Debit Card,52
B-25645,Electronics,Phones,5,183,UPI,-66
B-26008,Clothing,Stole,1,22,COD,4
B-26061,Clothing,Saree,5,642,COD,180
B-25781,Clothing,Trousers,5,767,COD,-353
B-25999,Electronics,Accessories,3,770,COD,323
B-25783,Clothing,Shirt,3,21,COD,-17
B-25800,Clothing,Leggings,3,21,COD,-6
B-26093,Electronics,Accessories,2,492,UPI,187
B-25638,Electronics,Printers,3,816,Debit Card,-96
B-26026,Clothing,Kurti,3,25,Credit Card,2
B-25902,Electronics,Accessories,7,802,COD,120
B-25968,Electronics,Accessories,7,811,UPI,154
B-26099,Electronics,Phones,5,835,Debit Card,267
B-25699,Electronics,Accessories,1,21,COD,-5
B-26076,Furniture,Bookcases,4,450,COD,-190
B-25793,Clothing,Skirt,4,24,Credit Card,-1
B-25671,Clothing,Trousers,3,832,UPI,0
B-26040,Clothing,Trousers,3,833,UPI,93
B-26059,Clothing,T-shirt,1,20,COD,6
B-25725,Clothing,Hankerchief,7,23,Credit Card,-5
B-25855,Furniture,Furnishings,5,550,UPI,-242
B-25738,Electronics,Phones,2,148,COD,-91
B-25899,Furniture,Chairs,2,846,Debit Card,9
B-25608,Electronics,Printers,6,856,COD,385
B-25904,Furniture,Bookcases,2,871,UPI,131
B-26056,Clothing,Kurti,4,19,COD,-18
B-25669,Furniture,Tables,2,610,COD,-66
B-25638,Furniture,Furnishings,8,880,Debit Card,97
B-25953,Clothing,Hankerchief,4,22,Credit Card,-8
B-25841,Clothing,Skirt,2,22,Credit Card,11
B-26071,Clothing,Hankerchief,3,21,Credit Card,4
B-25793,Clothing,Hankerchief,3,18,COD,1
B-25813,Furniture,Chairs,7,911,COD,202
B-26010,Clothing,Hankerchief,3,18,COD,2
B-25825,Electronics,Phones,5,911,Debit Card,355
B-25630,Electronics,Phones,2,143,COD,-129
B-25986,Electronics,Electronic Games,9,918,COD,22
B-25650,Electronics,Electronic Games,5,925,COD,-447
B-26078,Clothing,Skirt,2,17,COD,8
B-25890,Clothing,Saree,9,465,COD,207
B-25691,Clothing,Stole,3,17,COD,-9
B-25952,Electronics,Electronic Games,4,935,UPI,114
B-25651,Clothing,T-shirt,2,16,COD,-10
B-25955,Electronics,Printers,3,954,UPI,95
B-25898,Furniture,Tables,3,915,Debit Card,-99
B-25838,Electronics,Printers,3,955,Debit Card,305
B-25797,Electronics,Accessories,4,976,COD,293
B-25738,Clothing,Saree,6,1069,EMI,0
B-25661,Clothing,Hankerchief,3,19,Credit Card,-15
B-25997,Clothing,Hankerchief,3,16,COD,6
B-25667,Electronics,Printers,8,1030,UPI,206
B-25753,Electronics,Accessories,6,620,COD,82
B-25848,Clothing,Hankerchief,2,16,COD,8
B-26097,Clothing,Hankerchief,2,19,Credit Card,8
B-25633,Electronics,Phones,4,249,UPI,-130
B-25807,Clothing,Stole,1,16,COD,6
B-25752,Furniture,Bookcases,9,1361,COD,197
B-26052,Clothing,Shirt,1,15,COD,1
B-25610,Electronics,Printers,4,1076,COD,-38
B-25888,Clothing,Hankerchief,3,18,Credit Card,2
B-25937,Furniture,Bookcases,3,1101,UPI,352
B-25828,Clothing,Leggings,1,15,COD,2
B-26048,Clothing,Trousers,4,1104,UPI,209
B-25670,Clothing,Hankerchief,1,14,COD,2
B-25757,Clothing,Hankerchief,1,14,COD,5
B-25751,Clothing,Leggings,2,14,COD,-3
B-25687,Clothing,Kurti,4,14,COD,-1
B-25710,Clothing,T-shirt,1,13,COD,-8
B-25656,Clothing,Hankerchief,3,13,COD,-1
B-25601,Furniture,Bookcases,7,1275,EMI,1148
B-26053,Clothing,Skirt,2,17,Credit Card,1
B-26001,Clothing,Hankerchief,2,13,COD,0
B-25964,Electronics,Electronic Games,11,1270,EMI,546
B-26062,Clothing,Stole,1,13,COD,-2
B-25982,Clothing,Leggings,1,13,COD,3
B-25864,Clothing,Hankerchief,1,17,UPI,5
B-25693,Clothing,Skirt,2,13,COD,-13
B-25802,Clothing,Skirt,2,13,COD,-9
B-25676,Clothing,Trousers,5,1263,EMI,-56
B-25639,Electronics,Phones,3,1629,COD,-153
B-25757,Clothing,Hankerchief,3,17,UPI,7
B-26003,Clothing,Skirt,2,17,UPI,2
B-26055,Electronics,Printers,2,1250,EMI,-12
B-25786,Clothing,Skirt,3,17,UPI,-11
B-25919,Electronics,Phones,7,977,COD,-244
B-25894,Furniture,Bookcases,3,1246,EMI,62
B-25979,Clothing,Hankerchief,2,12,COD,1
B-25651,Clothing,Skirt,2,11,COD,-4
B-25653,Furniture,Chairs,8,1327,EMI,318
B-25855,Electronics,Printers,5,1319,COD,567
B-25793,Clothing,Saree,11,1402,EMI,109
B-26073,Electronics,Printers,4,1514,EMI,742
B-25881,Electronics,Electronic Games,6,1351,COD,111
B-25603,Clothing,Trousers,5,1355,COD,-60
B-25851,Clothing,Hankerchief,2,10,COD,2
B-25883,Clothing,Leggings,2,10,COD,-2
B-25768,Clothing,Trousers,6,1582,EMI,-443
B-25953,Furniture,Bookcases,9,1218,EMI,352
B-25755,Clothing,Saree,5,321,UPI,315
B-26057,Electronics,Printers,5,736,COD,346
B-26055,Furniture,Bookcases,8,1218,COD,-420
B-25855,Clothing,Saree,8,1027,COD,441
B-25989,Clothing,Stole,1,10,COD,5
B-26099,Clothing,Trousers,5,2366,UPI,552
B-25652,Clothing,Hankerchief,2,9,COD,-6
B-25723,Clothing,Stole,2,16,UPI,-12
B-26099,Clothing,Skirt,1,9,COD,3
B-25629,Clothing,Trousers,3,1560,COD,421
B-25877,Clothing,Trousers,2,1137,EMI,568
B-25767,Clothing,Kurti,2,9,COD,-9
B-25735,Clothing,Hankerchief,1,15,UPI,-7
B-26097,Clothing,Hankerchief,1,14,UPI,5
B-26070,Clothing,Hankerchief,2,14,UPI,7
B-25752,Clothing,Hankerchief,2,8,COD,-2
B-25656,Clothing,Saree,7,1389,COD,680
B-25748,Clothing,Leggings,2,8,COD,-1
B-25758,Clothing,Stole,1,8,COD,-2
B-25950,Clothing,Leggings,1,13,UPI,4
B-25707,Clothing,Stole,1,8,COD,-6
B-25909,Clothing,Skirt,2,12,Credit Card,2
B-25955,Electronics,Accessories,7,1716,COD,309
B-26023,Furniture,Bookcases,10,1117,EMI,447
B-25655,Clothing,Skirt,2,9,Credit Card,-6
B-25686,Electronics,Printers,3,332,COD,503
B-25655,Clothing,Hankerchief,3,7,COD,-4
B-25601,Clothing,Hankerchief,3,8,Credit Card,-2
B-25862,Furniture,Bookcases,5,2061,UPI,701
B-25626,Furniture,Chairs,3,1103,EMI,276
B-25823,Electronics,Electronic Games,8,2103,UPI,322
B-25881,Furniture,Chairs,5,2115,COD,23
B-25910,Electronics,Electronic Games,5,850,COD,-289
B-25830,Electronics,Phones,7,1063,EMI,64
B-25978,Electronics,Electronic Games,4,1063,EMI,-175
B-25997,Furniture,Bookcases,7,2292,COD,127
B-25661,Clothing,Hankerchief,2,7,Credit Card,-1
B-25969,Furniture,Bookcases,7,2452,UPI,191
B-25858,Electronics,Electronic Games,11,2457,EMI,665
B-25697,Clothing,Skirt,1,4,Credit Card,-3
B-25798,Furniture,Bookcases,13,2830,EMI,-1981
B-25873,Clothing,Hankerchief,1,7,COD,1
B-25740,Clothing,Skirt,2,7,COD,0
B-25700,Clothing,Hankerchief,2,7,COD,-3
B-25757,Clothing,Trousers,7,3151,EMI,-35
B-25973,Electronics,Printers,13,4141,COD,1698
B-25698,Clothing,Hankerchief,1,7,COD,-2
B-25993,Furniture,Tables,5,4363,EMI,305
